# Use this file to define mappings between email addresses and author names used in your repo
#
# In the example below the same author appears several times with different credentials:
# ~/Documents/Dev/team-42 $ git shortlog -sne
#    22  Douglas Adams <dga42@uclive.ac.nz>
#    9   Arthur Dent <ard@uclive.ac.nz>
#    7   Arthur dent <ard@uclive.ac.nz>
#    2   Arthur Dent <fuzzystarfish@myhomeaccount.kawaii.nz>
#    1   The Dolphins <fish@thanks.fr>
#    1   SENG302 <seng302@canterbury.ac.nz>
#
# Define mappings like so:
# Arthur Dent <ard@uclive.ac.nz> <fuzzystarfish@myhomeaccount.kawaii.nz>
#
# See the following pages for more information:
# https://www.kernel.org/pub/software/scm/git/docs/git-shortlog.html
# http://stacktoheap.com/blog/2013/01/06/using-mailmap-to-fix-authors-list-in-git/

Luke Parkinson <lpa55@uclive.ac.nz> Luke <lpa55@uclive.ac.nz>
Benjamin Duke <bad38@uclive.ac.nz> Ben <bad38@uclive.ac.nz>
Jack Orchard <jco165@uclive.ac.nz> jco165 <jco165@uclive.ac.nz>
Gavin Ong <gon12@uclive.ac.nz> Billythekidzz <gon12@uclive.ac.nz>
Gavin Ong <gon12@uclive.ac.nz> Gavin <gon12@uclive.ac.nz>
Jason Little <jpl62@uclive.ac.nz> Jason <jpl62@uclive.ac.nz>
Priyesh Shah <psh76@uclive.ac.nz> Priyesh <psh76@uclive.ac.nz>